Título,Autor,Data,Contagem de Comentários
Nissan Ariya: SUV elétrico terá preparação da Nismo para alcançar 600 cv,Por Dyogo Fagundes,Sep-26-2023,8
Flagra: Kawasaki corre para esconder sua moto híbrida definitiva,Por Thiago Moreno,Sep-26-2023,0
Jeep terá Wagoneer S elétrico de 600 cv em 2024 para brigar com o BMW iX,Por Thiago Moreno,Sep-26-2023,3
Flagra: Mercedes-Benz CLA 2025 já exibe faróis com estrelas de LED,Por Dyogo Fagundes,Sep-26-2023,4
BYD: 600 carros elétricos e híbridos vendidos no Brasil em um único dia,Por Julio Cesar,Sep-26-2023,N/A
Porsche Cayenne S E-Hybrid entra em pré-venda a partir de R$ 735.000,Por Dyogo Fagundes,Sep-26-2023,1
"Jeep, Fiat e Ram: fábrica de Goiana (PE) chega a 1,5 milhão de unidades",Por Dyogo Fagundes,Sep-26-2023,17
BMW suspendeu vendas de motos a gasolina nos EUA,Por Thiago Moreno,Sep-26-2023,8
Alfa Romeo diz que já é lucrativa e projeta recorde de vendas em 2025,Por Dyogo Fagundes,Sep-25-2023,34
Bração? Taxis autônomos geram caos no trânsito nos EUA,Por Thiago Moreno,Sep-25-2023,25
"Sim, já fizeram uma Ford Ranger híbrida 6x6; veja o resultado",Por Thiago Moreno,Sep-25-2023,8
BYD Dolphin ganha edição com visual exclusivo para celebrar 500.000 unidades,Por Julio Cesar,Sep-25-2023,N/A
"Aguardado no Brasil, Nissan X-Trail já testa novo visual no exterior",Por Dyogo Fagundes,Sep-25-2023,10
F1: Veja o que Verstappen precisa para garantir tricampeonato no GP do Catar,Por Isa Fernandes,Sep-25-2023,3
Elétricos e híbridos: veja a lista com os que mais desvalorizaram,Por Thiago Moreno,Sep-25-2023,50
União Europeia concorda com Euro 7 atenuado para não atrasar elétricos,Por Leo Fortunatti,Sep-25-2023,9
F1: Verstappen 'voa' e crava a pole na Austrália; Russell é segundo,Por Isa Fernandes,Sep-25-2023,1
Renault defende imposto e fala em eletrificação mais demorada no Brasil,Por Julio Cesar,Sep-25-2023,N/A
"Ao contrário do Brasil, vendas de carros manuais quase dobram nos EUA",Por Thiago Moreno,Sep-25-2023,112
Irmão do GR Corolla deve receber câmbio automático e mais potência,Por Leo Fortunatti,Sep-25-2023,16
"Primo gringo do HB20, Hyundai i20 parte de R$ 99,5 mil",Por Thiago Moreno,Sep-25-2023,41
Novo Honda ZR-V 2024 grava propaganda no Brasil antes do lançamento,Por Leo Fortunatti,Sep-25-2023,89
Volkswagen: Plataforma de carros elétricos atualizada ficará pronta em 2025,Por Julio Cesar,Sep-24-2023,N/A
Prévia: Forza Motorsport evolui para tornar-se o jogo de corrida definitivo,Por Nicolas Tavares,Sep-24-2023,22
Verstappen vence e Red Bull é campeã no Japão; Max pode ser tri da F1 no Catar,Por Redação,Sep-24-2023,0
Câmara debaterá proibição da revenda de carros comprados por venda direta,Por Thiago Moreno,Sep-24-2023,80
Mini carro elétrico da Kia bomba nas primeiras semanas de vendas,Por Julio Cesar,Sep-24-2023,N/A
Nissan oferece Frontier com bônus de R$ 30.000 e Sentra sem juros,Por Dyogo Fagundes,Sep-24-2023,5
Flagra: novo Hyundai Tucson testa capacidade de reboque,Por Thiago Moreno,Sep-23-2023,4
Honda deve fazer grandes mudanças na Africa Twin 2024,Por Thiago Moreno,Sep-23-2023,6
BYD Dolphin é lançado no Japão pelo equivalente a R$ 120 mil,Por Julio Cesar,Sep-23-2023,N/A
"Semana Motor1.com: Corolla 2024, Ranger híbrida e mais",Por Thiago Moreno,Sep-23-2023,1
Vazou: veja como ficará a nova BMW R 1300 GS em fotos,Por Thiago Moreno,Sep-23-2023,4
F1: Verstappen confirma favoritismo e crava a pole do GP do Japão,Por Isa Fernandes,Sep-23-2023,0
Bateria do carro elétrico sofre mais com o calor do que com o frio,Por Julio Cesar,Sep-23-2023,N/A
"Designer critica: ""Elétricos parecem batatas por causa de aerodinâmica""",Por Thiago Moreno,Sep-23-2023,41
GWM: picape média nacional terá sistema híbrido-flex inovador,Por Nicolas Tavares,Sep-23-2023,124
"Stellantis: Porto Real terá R$ 2,5 bilhões até 2025 e produzirá híbridos",Por Dyogo Fagundes,Sep-22-2023,32
F1: Verstappen lidera segundo treino livre para o GP do Japão marcado por batida de Gasly no fim,Por Isa Fernandes,Sep-22-2023,0
Honda ZR-V deverá ser vendido no Brasil somente na versão topo de linha,Por Dyogo Fagundes,Sep-22-2023,214
Jaguar lança E-Pace 2024 no Brasil em versão única e preço de R$ 466.026,Por Dyogo Fagundes,Sep-22-2023,37
Impressões ao dirigir o Novo Megane E-Tech: o futuro da Renault chegou,Por Fábio Trindade,Sep-22-2023,N/A
Volvo oferece XC60 em promoção com bônus de até R$ 40.000,Por Dyogo Fagundes,Sep-22-2023,23
Comissão aprova isenção de IPI para picapes; veja se você tem direito,Por Thiago Moreno,Sep-22-2023,47
Hyundai Creta acelera testes e terá novo visual em 2024; veja flagra,Por Dyogo Fagundes,Sep-22-2023,22
"GWM diz que ainda ""não é o momento"" de discutir imposto de importação",Por Julio Cesar,Sep-22-2023,N/A
Flagra! Ford Ranger Raptor 2024 já roda em testes no Brasil,Por Leo Fortunatti,Sep-22-2023,31
"Chery Tiggo 9, novo SUV topo de linha da marca, é registrado no Brasil",Por Dyogo Fagundes,Sep-22-2023,120
Volkswagen Taos: preço da versão Highline cai R$ 19.000 em promoção,Por Dyogo Fagundes,Sep-21-2023,113
Novo Tiguan 2025 vs Tiguan Allspace: confira as principais diferenças,Por Dyogo Fagundes,Sep-21-2023,12
Novo Volvo EX30: quais SUVs médios ele ameaça por R$ 219.950?,Por Leo Fortunatti,Sep-21-2023,35
Renault Megane E-Tech chega com 337 km de autonomia por R$ 279.900,Por Dyogo Fagundes,Sep-21-2023,159
GWM Ora 03 e BYD Yuan Plus recebem nota máxima em eficiência na Europa,Por Nicolas Tavares,Sep-21-2023,48
"BYD lança Yangwang U8: super SUV tem 1200 cv, flutua e será vendido no Brasil",Por Fábio Trindade,Sep-21-2023,N/A
Toyota Corolla 2024 chega às concessionárias; veja preços e versões,Por Nicolas Tavares,Sep-21-2023,126
BorgWarner já trabalha na eletrificação de carro nacional para até 2026,Por Thiago Moreno,Sep-21-2023,14
F1: Hamilton coloca Pérez ‘contra parede’ por ausência de punições a Verstappen,Por Redação,Sep-21-2023,0
GMW Brasil: produção de carros elétricos no Brasil será viável em 2026,Por Fábio Trindade,Sep-21-2023,52
Flagra: Novo Peugeot 5008 acelera testes e terá design elogiado do 3008,Por Dyogo Fagundes,Sep-21-2023,5
Lexus admite que pode lançar picape no futuro caso haja demanda,Por Dyogo Fagundes,Sep-20-2023,5
Chevrolet Equinox EV: Conhecemos o novo SUV elétrico que virá ao Brasil,Por Fábio Trindade,Sep-20-2023,N/A
Novo Volkswagen T-Cross 2024 mostra design renovado em fotos ao vivo,Por Dyogo Fagundes,Sep-20-2023,91
Antoine Tessier é nomeado CEO do duPont Registry Group,Por duPont Registry,Sep-20-2023,N/A
Volvo confirma que encerrará produção de carros a diesel em 2024,Por Dyogo Fagundes,Sep-20-2023,18
Aumento do etanol na gasolina começa a ser discutido no Congresso,Por Nicolas Tavares,Sep-20-2023,164
Próximo Volkswagen Tiguan Allspace será baseado em modelo chinês,Por Nicolas Tavares,Sep-20-2023,37
"Nova BMW R 1300 GS: aqui em 2024, moto perderá os faróis polêmicos",Por Thiago Moreno,Sep-20-2023,4
Nissan Kicks XPlay volta ao mercado pela terceira vez por R$ 140.490,Por Dyogo Fagundes,Sep-19-2023,51
Conhecemos o novo Jeep Grand Cherokee 4Xe que chega em breve ao Brasil,Por Fábio Trindade,Sep-19-2023,64
São Paulo recebe nova frota com 50 ônibus elétricos nacionais,Por Julio Cesar,Sep-19-2023,N/A
Nova Ford Ranger 2025 híbrida é revelada com 45 km de autonomia elétrica,Por Nicolas Tavares,Sep-19-2023,12
Motorsport Network contrata Patrick George como editor-chefe de InsideEVs,Por Redação InsideEVs,Sep-19-2023,N/A
VÍDEO VW Tiguan 2025: nova geração estreia na Europa com versão híbrida,Por Nicolas Tavares,Sep-19-2023,121
Jeep diz que seguirá fiel ao design quadradão para agradar clientes,Por Dyogo Fagundes,Sep-19-2023,39
Toyota Hilux GR-Sport terá preparação extra para encarar Ranger Raptor,Por Dyogo Fagundes,Sep-19-2023,10
Indústria automotiva vê prazos para adoção de carros elétricos como desafio,Por Julio Cesar,Sep-19-2023,N/A
"Além do Brasil, Novo Honda ZR-V também já chegou na Argentina",Por Motor1.com Argentina,Sep-19-2023,21
Renault produzirá Kwid na Colômbia abrindo espaço para o Kardian no Brasil,Por Thiago Moreno,Sep-18-2023,14
Mini confirma fim do Clubman na próxima geração,Por Nicolas Tavares,Sep-18-2023,13
Volkswagen: baixa demanda afeta produção de carros elétricos na Alemanha,Por Julio Cesar,Sep-18-2023,N/A
Honda Biz chega a 2024 sem mudanças e mais cara; veja os preços,Por Thiago Moreno,Sep-18-2023,23
Novo Mercedes-Benz Classe G terá aerodinâmica do modelo elétrico,Por Nicolas Tavares,Sep-18-2023,14
Toyota terá Hilux híbrida em 2024; picape será 10% mais econômica,Por Dyogo Fagundes,Sep-18-2023,34
Toyota já divulga novo Corolla 2024 com painel digital em teaser oficial,Por Fábio Trindade,Sep-18-2023,34
Toyota Corolla Cross terá freio de mão eletrônico na Tailândia; e no Brasil?,Por Dyogo Fagundes,Sep-18-2023,72
Honda lança a nova CB 1000R 2024 partindo de R$ 79 mil; veja o que muda,Por Thiago Moreno,Sep-18-2023,3
Mercedes-Benz é acusada de burlar testes de emissões na Europa,Por Thiago Moreno,Sep-18-2023,23
Carro elétrico terá investimento adiado no Brasil com volta do imposto,Por Julio Cesar,Sep-18-2023,N/A
Peugeot terá 2008 e 208 híbridos no Brasil; inédito SUV 1008 é especulado,Por Dyogo Fagundes,Sep-18-2023,40
F1: Verstappen abre 150 para Pérez e Hamilton passa Alonso; confira a situação do Mundial após o GP de Singapura,Por Redação,Sep-18-2023,0
Produção de motos no Brasil passa de 1 milhão de unidades em agosto,Por Thiago Moreno,Sep-17-2023,14
Android Auto agora terá suporte a chamadas via Zoom e Amazon Prime Video,Por Nicolas Tavares,Sep-17-2023,6
EUA: Carros elétricos superam 100.000 emplacamentos no mês pela 1ª vez,Por Julio Cesar,Sep-17-2023,N/A
Ford Bronco será produzido na China para ficar mais barato,Por Nicolas Tavares,Sep-17-2023,68
"F1: Sainz segura Norris para vencer em Singapura; Hamilton 'herda' pódio após batida de Russell, e Verstappen é quinto",Por Redação,Sep-17-2023,0
BYD Yuan Plus: SUV elétrico atinge 500.000 unidades produzidas,Por Julio Cesar,Sep-16-2023,N/A
Flagra: Audi A6 Avant E-Tron sai da toca e promete ser fiel ao conceito,Por Dyogo Fagundes,Sep-16-2023,21
"F1: Com Sainz na pole e Verstappen 11º, veja grid do GP de Singapura",Por Redação,Sep-16-2023,0
"Semana Motor1.com: Corolla 2024 nas lojas, F-150 híbrida e mais",Por Thiago Moreno,Sep-16-2023,6
Toyota: 4 tipos de baterias para os novos carros elétricos que chegam em 2026,Por Julio Cesar,Sep-16-2023,N/A
BMW faz promoção com Série 3 e X1 ofertados com condições especiais,Por Dyogo Fagundes,Sep-16-2023,33
"Polo, Onix, HB20 e 208: o que cada 1.0 turbo ""completão"" oferece?",Por Thiago Moreno,Sep-16-2023,160
Ford Ranger Hybrid 2024 ganha teaser e será revelada na próxima semana,Por Dyogo Fagundes,Sep-15-2023,7
Ford renovou logotipo e quase ninguém percebeu; veja o que mudou,Por Dyogo Fagundes,Sep-15-2023,16
Porsche Panamera 2024 terá novo design revelado no dia 24 de novembro,Por Dyogo Fagundes,Sep-15-2023,6
"Ford Ranger Raptor chega ao Brasil ainda este ano, confirma marca",Por Leo Fortunatti,Sep-15-2023,48
Fim da novela? Exeed VX é flagrado no Brasil com emblema da CAOA,Por Thiago Moreno,Sep-15-2023,63
"China rebate investigação da UE contra carros elétricos: ""protecionismo puro""",Por Julio Cesar,Sep-15-2023,N/A
"No Brasil ainda em 2023, Citroën C3 Aircross tem preço de R$ 58.400 na Índia",Por Dyogo Fagundes,Sep-15-2023,22
F1: Leclerc lidera dobradinha da Ferrari no primeiro treino livre para o GP de Singapura; Verstappen é 3º,Por Isa Fernandes,Sep-15-2023,0
Novo Nissan Pathfinder 2024 vaza na China e terá motor turbo,Por Thiago Moreno,Sep-15-2023,18
Novo BMW M2 Coupé 2024 é lançado no Brasil ao preço de R$ 617.950,Por Dyogo Fagundes,Sep-15-2023,22
Brasil vai retomar imposto de importação para carros elétricos,Por Julio Cesar,Sep-15-2023,N/A
Novo BMW X7 chegará ao Brasil em outubro com motor V8 de 530 cv,Por Thiago Moreno,Sep-15-2023,12
Jeep Gladiator híbrida está nos planos e deverá ganhar conjunto 4xe,Por Dyogo Fagundes,Sep-15-2023,4
Jeep Gladiator 2024 segue facelift do Wrangler e adiciona tecnologias,Por Dyogo Fagundes,Sep-14-2023,12
"Montadoras são péssimas em proteger dados dos usuários, diz estudo",Por Dyogo Fagundes,Sep-14-2023,8
BMW ainda não sabe quando deixará de oferecer carros a combustão,Por Thiago Moreno,Sep-14-2023,9
Flagra: Porsche prepara Taycan de 1.000 cv contra Tesla Model S Plaid,Por Dyogo Fagundes,Sep-14-2023,15
Europa diz que vai investigar carros chineses por serem 'baratos demais',Por Dyogo Fagundes,Sep-14-2023,246
Volvo EX30 chega ao Brasil custando menos que um Jeep Compass diesel,Por Thiago Moreno,Sep-14-2023,178
Novo Hyundai HB20 2024 ganha nova versão automática mais barata,Por Thiago Moreno,Sep-14-2023,30
"Nova Nissan Frontier 2024 ganha edição ""anos 80"" nos EUA",Por Thiago Moreno,Sep-14-2023,33
F1: Atualizações da McLaren “empolgam” Norris para GP de Singapura,Por Redação,Sep-14-2023,0
Peugeot 208 1.0 turbo 2024 chega com preços partindo de R$ 99.990,Por Thiago Moreno,Sep-14-2023,265
BYD Seal é desmontado por especialistas de Wall Street: recado para a Tesla,Por Julio Cesar,Sep-14-2023,N/A
"Ford estuda novas versões da F-150 para o Brasil, inclusive híbrida",Por Fábio Trindade,Sep-13-2023,15
Flagra: Fiat Fasback Abarth roda com menos disfarces e poderá ter 220 cv,Por Thiago Moreno,Sep-13-2023,119
Kia Carnival deverá voltar ao Brasil com visual atualizado; veja flagra,Por Dyogo Fagundes,Sep-13-2023,7
BYD confronta Anfavea sobre volta de imposto de importação para carros elétricos,Por Julio Cesar,Sep-13-2023,N/A
Oficial: nova Ford F-150 Raptor R 2024 virá com mais de 700 cv,Por Thiago Moreno,Sep-13-2023,17
Oficial: Ford lançará o SUV elétrico Mustang Mach-E em outubro no Brasil,Por Fábio Trindade,Sep-13-2023,21
TVS apresenta a nova Apache RTR 310 na Índia com motor de BMW,Por Thiago Moreno,Sep-13-2023,5
Novo BMW M2 com 460 cv tem lançamento confirmado no Brasil,Por Dyogo Fagundes,Sep-13-2023,14
"Multado por denunciar radares, homem ganha processo contra governo",Por Thiago Moreno,Sep-13-2023,29
Novo Volvo EX30 elétrico pode custar a partir de R$ 219.950 no Brasil,Por Julio Cesar,Sep-13-2023,N/A
Novo Jeep Grand Cherokee é confirmado no Brasil e será híbrido plug-in,Por Dyogo Fagundes,Sep-13-2023,72
Flagra: Novo Volkswagen Golf 2024 deixa à mostra design das rodas e faróis,Por Dyogo Fagundes,Sep-13-2023,63
Honda Biz completa 25 anos: veja um pouco da história da moto,Por Thiago Moreno,Sep-13-2023,10
BMW amplia produção em Manaus (AM) e terá scooter inédita ainda em 2023,Por Thiago Moreno,Sep-12-2023,1
Novo Honda ZR-V 2024 já está no Brasil; SUV do Civic estreará em breve,Por Dyogo Fagundes,Sep-12-2023,153
BYD Dolphin: carro elétrico supera 1.000 unidades vendidas por dia no mundo,Por Julio Cesar,Sep-12-2023,N/A
Peugeot 3008 2024 faz estreia oficial e dá o tom do próximo Compass,Por Dyogo Fagundes,Sep-12-2023,43
Novo Toyota Yaris Sedan alcança nota máxima em teste de segurança,Por Dyogo Fagundes,Sep-12-2023,56
Hyundai oferece HB20 e HB20S 2024 em promoção com preço reduzido,Por Dyogo Fagundes,Sep-12-2023,27
"Volkswagen: transição elétrica lenta para não ""sobrecarregar"" os clientes",Por Julio Cesar,Sep-12-2023,N/A
Flagra: Novo Audi Q3 2025 inicia testes e será o último com motor a combustão,Por Nicolas Tavares,Sep-12-2023,10
Volkswagen Nivus e T-Cross são ofertados com desconto de até R$ 14.000,Por Dyogo Fagundes,Sep-12-2023,75
Toyota Corolla 2024 já aparece nas concessionárias com painel digital,Por Nicolas Tavares,Sep-12-2023,298
"Ford F-150 2024 atualiza visual, tecnologias e chega ao Brasil no próximo ano",Por Leo Fortunatti,Sep-12-2023,37
Jeep Commander 2023 fica de novo mais caro e já alcança R$ 326.000,Por Dyogo Fagundes,Sep-12-2023,73
Ford lança Ranger de entrada com preço de Rampage e versão V6 mais barata,Por Thiago Moreno,Sep-11-2023,209
Flagra: Nova Chevrolet S10 roda com faróis definitivos e interior completo,Por Leo Fortunatti,Sep-11-2023,50
Flagra: JAC testa picape T9 Hunter no Brasil para brigar com Fiat Titano,Por Leo Fortunatti,Sep-11-2023,74
"Em breve no Brasil, BYD Seagull emplacou 34.000 unidades em agosto",Por Julio Cesar,Sep-11-2023,N/A
"Novo VW Tiguan Allspace chegará ao Brasil em outubro, confirma marca",Por Leo Fortunatti,Sep-11-2023,133
Carros elétricos impulsionam indústria automotiva da China pelo mundo,Por Julio Cesar,Sep-11-2023,N/A
"Picape do Toyota Corolla não existirá, confirma marca japonesa",Por Leo Fortunatti,Sep-11-2023,7
"Jeep aumenta preço do Compass em até R$ 2,6 mil; veja a nova tabela",Por Thiago Moreno,Sep-11-2023,38
Nova Ford F-150 2024 ganha teaser e estreia dia 12 de setembro,Por Nicolas Tavares,Sep-11-2023,9
Ford Bronco Sport segue Maverick e tem preço reduzido em R$ 20 mil,Por Dyogo Fagundes,Sep-11-2023,92
Toyota inicia testes com motor híbrido plug-in flex para produção nacional,Por Nicolas Tavares,Sep-11-2023,28
Avaliação BMW iX xDrive40: versão de entrada é competente e vale a pena!,Por Leo Fortunatti,Sep-10-2023,N/A
Fiat Pulse e Fastback 2023 têm promoção com até R$ 10.000 de bônus,Por Dyogo Fagundes,Sep-10-2023,27
"Porsche constrói ""911 gigante"" para receber o público em Munique",Por Fábio Trindade,Sep-10-2023,7
Toyota Corolla Pick-up já foi pensada e quase foi lançada; veja flagra,Por Dyogo Fagundes,Sep-10-2023,12
Stellantis acredita que carros a combustão sobreviverão até 2050,Por Thiago Moreno,Sep-10-2023,42
Mini Mercedes Classe G é real e chega até 2030; veja projeção,Por Thiago Moreno,Sep-09-2023,22
Lotus Emeya estreia com 917 cv e pronto para a briga com o Porsche Taycan,Por Julio Cesar,Sep-09-2023,N/A
BMW desiste de cobrar assinatura mensal por bancos aquecidos,Por Nicolas Tavares,Sep-09-2023,45
"Semana Motor1.com: elétricos da VW nacionais, Taos 2024 e mais",Por Thiago Moreno,Sep-09-2023,1
Linha F 900 GS 2024 da BMW ganha tanque de plástico na Europa,Por Thiago Moreno,Sep-09-2023,2
"Sucesso no Brasil, BYD Dolphin será lançado neste mês no Japão",Por Julio Cesar,Sep-09-2023,N/A
Novo Toyota Yaris Sedan: como é a nova geração do sedã compacto ao vivo,Por Leo Fortunatti,Sep-09-2023,146
Jeep Compass tem desconto no preço de R$ 17 mil em promoção,Por Thiago Moreno,Sep-09-2023,27
Toyota interrompeu produção no Japão por falta de espaço nos servidores,Por Leo Fortunatti,Sep-08-2023,8
Governo deve anunciar volta do imposto de importação para carros elétricos,Por Julio Cesar,Sep-08-2023,N/A
Novo Peugeot 3008 2024 tem primeiras imagens reveladas; confira visual,Por Dyogo Fagundes,Sep-08-2023,68
Royal Enfield Hunter 350 chega ao Brasil por R$ 19.990,Por Thiago Moreno,Sep-08-2023,14
Flagra: VW Taos deverá ser o primeiro híbrido-flex da marca no Brasil,Por Leo Fortunatti,Sep-08-2023,119
Flagra: este é o novo BMW X3 2025 rodando com menos camuflagem,Por Thiago Moreno,Sep-08-2023,2
"Fora de linha no Brasil, Renault Sandero chega à linha 2023 na Argentina",Por Dyogo Fagundes,Sep-08-2023,15
Jeep Renegade 2024 sobe de preço e já supera barreira dos R$ 180.000,Por Dyogo Fagundes,Sep-08-2023,70
Hyundai Creta 2024 tem bônus de até R$ 7.000 na versão Action,Por Thiago Moreno,Sep-08-2023,33
Mercedes-Benz usará baterias da BYD em seus novos carros elétricos,Por Julio Cesar,Sep-08-2023,N/A
Governo argentino congelará preços dos carros e montadoras aceitam acordo,Por Thiago Moreno,Sep-07-2023,52
"Mini não ofertará mais câmbio manual nos seus carros, confirma chefona",Por Dyogo Fagundes,Sep-07-2023,9
"BYD, GWM e CAOA Chery puxam novo recorde de vendas de eletrificados no Brasil",Por Julio Cesar,Sep-07-2023,N/A
Volkswagen do futuro será inspirado por ícones do passado,Por Fábio Trindade,Sep-07-2023,76
Governo dos EUA prepara recall de 52 milhões de veículos com airbags mortais,Por Nicolas Tavares,Sep-07-2023,81
"Renault: guerra de preços dos carros elétricos ""está só começando""",Por Julio Cesar,Sep-07-2023,N/A
Renault Kwid ganha edição Urban Night com opção de câmbio Easy-R,Por Dyogo Fagundes,Sep-07-2023,26
Hyundai Tucson 2024 tem preços reduzidos em até R$ 50 mil,Por Nicolas Tavares,Sep-06-2023,109
"Com SUVs EQE e EQS, Mercedes-Benz quer crescer; veja impressões",Por Leo Fortunatti,Sep-06-2023,N/A
Ford Transit ganha versão chassi cabine por a partir de R$ 260 mil,Por Thiago Moreno,Sep-06-2023,9
Mercedes-Benz adianta: dois novos SUVs e shooting brake estão a caminho,Por Dyogo Fagundes,Sep-06-2023,3
"Com mais airbags, Hyundai HB20 2024 melhora nota em teste de segurança",Por Thiago Moreno,Sep-06-2023,113
Toyota Century SUV é Rolls-Royce do Japão com portas traseiras deslizantes,Por Dyogo Fagundes,Sep-06-2023,58
BYD domina pódio dos carros elétricos mais vendidos no Brasil em agosto,Por Julio Cesar,Sep-06-2023,N/A
Honda Civic Híbrido sobe R$ 15.000 no preço e custa agora R$ 259.900,Por Dyogo Fagundes,Sep-06-2023,156
Citroën C4 Cactus ganha versão limitada Noir por R$ 130.990,Por Nicolas Tavares,Sep-05-2023,39
"duPont REGISTRY anuncia plataforma de investimento automotivo de luxo, duPont REGISTRY Invest",Por duPont Registry,Sep-05-2023,N/A
GWM Ora 03: 200 unidades vendidas em 48 horas e chance de produção nacional,Por Julio Cesar,Sep-05-2023,N/A
Toyota Hilux movida a hidrogênio terá quase 600 km de autonomia,Por Dyogo Fagundes,Sep-05-2023,32
Novos Audi Q8 e SQ8 2024 chegam com faróis a Laser e lanternas OLED,Por Thiago Moreno,Sep-05-2023,39
Honda apresenta as novas CB 500F e 500X 2024; veja os preços e o que muda,Por Thiago Moreno,Sep-05-2023,5
GWM inicia estudos para produzir Haval H6 no Brasil com motor flex,Por Nicolas Tavares,Sep-05-2023,152
Jeep Gladiator sai de linha na Europa por não contar com eletrificação,Por Dyogo Fagundes,Sep-05-2023,39
"Após venda relâmpago, Chevrolet Silverado terá segundo lote para o Brasil",Por Thiago Moreno,Sep-05-2023,27
Jeep Compass ganha pacote Dark Pack com detalhes exclusivos no visual,Por Dyogo Fagundes,Sep-05-2023,35
BMW iX1 ganha versão de entrada com tração dianteira e mais autonomia,Por Julio Cesar,Sep-05-2023,N/A
Bullet volta ao catálogo da Royal Enfield; veja o que muda,Por Thiago Moreno,Sep-05-2023,4
Volkswagen ID. GTI tem produção confirmada e será vendido no Brasil,Por Fábio Trindade,Sep-04-2023,24
Ram 700 2024: Fiat Strada para o México inicia vendas por R$ 117 mil,Por Thiago Moreno,Sep-04-2023,16
"F1: Em recuperação, Ricciardo deve se ausentar até o GP do Catar em outubro",Por Isa Fernandes,Sep-04-2023,0
Renault Scenic E-Tech estreia como um SUV elétrico com 620 km de alcance,Por Julio Cesar,Sep-04-2023,N/A
"Nissan Versa poderá sair de linha em 2025, diz agência",Por Dyogo Fagundes,Sep-04-2023,73
GWM celebra as 5.100 unidades vendidas do Haval H6 no ano,Por Leo Fortunatti,Sep-04-2023,58
Chevrolet Onix supera VW Polo nas vendas de agosto; Fiat Strada lidera,Por Nicolas Tavares,Sep-04-2023,83
Mercedes-Benz prepara estreia de inédito 'baby Classe G'; veja teaser,Por Dyogo Fagundes,Sep-04-2023,27
BYD Seal U: SUV elétrico anti-Tesla Model Y é apresentado ao público,Por Julio Cesar,Sep-04-2023,N/A
EM90 2024: projeção revela como será a primeira minivan da Volvo,Por Dyogo Fagundes,Sep-04-2023,13
Fim da Seat? Marca espanhola assumirá novo papel dentro da Volkswagen,Por Dyogo Fagundes,Sep-04-2023,54
"F1: Verstappen supera Sainz, lidera dobradinha da Red Bull em Monza e chega ao recorde de 10 vitórias seguidas",Por Redação,Sep-03-2023,0
"VW Saveiro: quais foram as mudanças da atual geração, nascida em 2009",Por Leo Fortunatti,Sep-03-2023,24
As 5 marcas chinesas com mais potencial de conquistar o mundo,Por Felipe Munoz,Sep-03-2023,71
Mercedes-Benz fará 20 lançamentos no Brasil até o fim de 2023; veja quais,Por Leo Fortunatti,Sep-03-2023,20
BYD Seal teve 1 unidade vendida a cada 20 minutos no Brasil no 1º dia,Por Julio Cesar,Sep-03-2023,N/A
VW T-Cross The Town tem desconto de R$ 8 mil e taxa zero em promoção,Por Leo Fortunatti,Sep-03-2023,74
Bosch inicia produção de motor elétrico para sistemas de 800 volts,Por Julio Cesar,Sep-03-2023,N/A
Volkswagen ID. GTI Concept adianta futuro elétrico esportivo da marca,Por Leo Fortunatti,Sep-03-2023,36
Volkswagen pode produzir carros elétricos no Brasil a partir de 2026,Por Fábio Trindade,Sep-03-2023,146
"Chevrolet Silverado surpreende, mas é capaz de encarar F-150 e Ram 1500?",Por Thiago Moreno,Sep-02-2023,17
BMW revela prévia de carro elétrico de nova geração que estreia em 2025,Por Julio Cesar,Sep-02-2023,N/A
Mercedes-Benz Classe A Sedan não será mais vendido no Brasil,Por Leo Fortunatti,Sep-02-2023,21
F1: Sainz faz a pole para o GP da Itália e garante a festa dos tifosi em Monza; Verstappen é 2ª,Por Redação,Sep-02-2023,0
"Volkswagen fará investimento de R$ 5,5 bilhões no Brasil a partir de 2026",Por Dyogo Fagundes,Sep-02-2023,94
"Semana Motor1.com: Silverado esgotada, novo Territory e mais",Por Thiago Moreno,Sep-02-2023,2
BMW emplaca 4 dos 5 carros elétricos com maior autonomia do Brasil,Por Julio Cesar,Sep-02-2023,N/A
Ford Ranger vende mais que Toyota Hilux na Argentina em agosto,Por Thiago Moreno,Sep-02-2023,33
"VW Taos 2024 está no configurador com rodas de 19"" opcionais",Por Leo Fortunatti,Sep-02-2023,101
Porsche Cayenne Hybrid 2024 inicia pré-venda no Brasil; veja preços,Por Dyogo Fagundes,Sep-01-2023,7
"Tesla Model 3 ganha retoque visual, mais recursos e 675 km de alcance",Por Julio Cesar,Sep-01-2023,N/A
Mini revela novos Cooper EV e Countryman EV com autonomia de até 462 km,Por Dyogo Fagundes,Sep-01-2023,24
